Year,Predicted
15,156.23122
20,107.80318
25,80.328575
30,63.009117
35,51.5773